{
  "Customer to Customer" : {
    "transaction" : "Customer to Customer",
    "sampleCount" : 10,
    "errorCount" : 0,
    "errorPct" : 0.0,
    "meanResTime" : 2464.4999999999995,
    "medianResTime" : 1972.5,
    "minResTime" : 1737.0,
    "maxResTime" : 4278.0,
    "pct1ResTime" : 4210.3,
    "pct2ResTime" : 4278.0,
    "pct3ResTime" : 4278.0,
    "throughput" : 0.405449237755433,
    "receivedKBytesPerSec" : 0.14479764281949398,
    "sentKBytesPerSec" : 0.21618680060006487
  },
  "Total" : {
    "transaction" : "Total",
    "sampleCount" : 28,
    "errorCount" : 0,
    "errorPct" : 0.0,
    "meanResTime" : 2391.785714285714,
    "medianResTime" : 2104.5,
    "minResTime" : 1413.0,
    "maxResTime" : 4800.0,
    "pct1ResTime" : 3668.7000000000007,
    "pct2ResTime" : 4565.0999999999985,
    "pct3ResTime" : 4800.0,
    "throughput" : 1.040776121622124,
    "receivedKBytesPerSec" : 0.3968249358807568,
    "sentKBytesPerSec" : 0.530551890123778
  },
  "Customer to Merchant" : {
    "transaction" : "Customer to Merchant",
    "sampleCount" : 5,
    "errorCount" : 0,
    "errorPct" : 0.0,
    "meanResTime" : 2553.8,
    "medianResTime" : 2344.0,
    "minResTime" : 1977.0,
    "maxResTime" : 3171.0,
    "pct1ResTime" : 3171.0,
    "pct2ResTime" : 3171.0,
    "pct3ResTime" : 3171.0,
    "throughput" : 0.3908692933083177,
    "receivedKBytesPerSec" : 0.1384837691525954,
    "sentKBytesPerSec" : 0.20764931207004378
  },
  "Agent to Customer" : {
    "transaction" : "Agent to Customer",
    "sampleCount" : 10,
    "errorCount" : 0,
    "errorPct" : 0.0,
    "meanResTime" : 2525.5,
    "medianResTime" : 2189.0,
    "minResTime" : 1534.0,
    "maxResTime" : 4800.0,
    "pct1ResTime" : 4647.1,
    "pct2ResTime" : 4800.0,
    "pct3ResTime" : 4800.0,
    "throughput" : 0.39561656842188553,
    "receivedKBytesPerSec" : 0.14827894429718716,
    "sentKBytesPerSec" : 0.21017130197412667
  },
  "User Login" : {
    "transaction" : "User Login",
    "sampleCount" : 3,
    "errorCount" : 0,
    "errorPct" : 0.0,
    "meanResTime" : 1433.6666666666667,
    "medianResTime" : 1419.0,
    "minResTime" : 1413.0,
    "maxResTime" : 1469.0,
    "pct1ResTime" : 1469.0,
    "pct2ResTime" : 1469.0,
    "pct3ResTime" : 1469.0,
    "throughput" : 2.0422055820285907,
    "receivedKBytesPerSec" : 1.0789386912865895,
    "sentKBytesPerSec" : 0.6621213410483322
  }
}